{"cameraMode":{"drawMode":0,"name":"Shaded","section":"Shading Mode"},"sceneLighting":true,"audioPlay":false,"sceneViewState":{"m_AlwaysRefresh":false,"showFog":true,"showSkybox":true,"showFlares":true,"showImageEffects":true,"showParticleSystems":true,"showVisualEffectGraphs":true,"m_FxEnabled":true},"in2DMode":false,"pivot":{"x":-2.6043453216552736,"y":-1.2575199604034424,"z":-0.8904393911361694},"rotation":{"x":-0.107204370200634,"y":0.0044718338176608089,"z":-0.0004793901171069592,"w":-0.9942510724067688},"size":4.666121959686279,"orthographic":false}